FR941130-2-00106 FR941130-2-00066 801&hyph;34311␣Executive Privilege Inc. 801&hyph;34571␣Smith, Todd Elliott 801&hyph;34857␣Timberlake, Thomas Andrew 801&hyph;34981␣Janisz, Derrick Albin 801&hyph;35091␣Southern Partners LP 801&hyph;35146␣Cooley, Harold Dunbar II 801&hyph;35168␣Rosenhaus Sports Representation Inc. 801&hyph;35256␣Landmark Financial Planners Inc. 801&hyph;35289␣Gemini Investment Advisors, Ltd. 801&hyph;35406␣Kneller & Purtee Inc. 801&hyph;35592␣Core Business Services Inc. 801&hyph;35956␣Investment Directions 801&hyph;36055␣Chafins, A.D., Inc. 801&hyph;36293␣Doherty, John Joseph 801&hyph;36317␣Adams, Salvatore Charles 801&hyph;36444␣Meadows, Roy & Associates, Inc. 801&hyph;36454␣Market Leap Inc. 801&hyph;36521␣North Florida Asset Management Corp 801&hyph;36591␣Barbetta, Joseph Anthony 801&hyph;36653␣Asset Diversified Investment, Inc. 801&hyph;36900␣Healthcare Investment Advisors Inc. 801&hyph;37108␣Hoffmann & Serralles Inc. 801&hyph;37340␣CPC Advisors Inc. 801&hyph;37424␣National Pension Administration Inc. 801&hyph;37746␣Stuart, H.D. & Associates Inc. 801&hyph;37964␣South Atlantic Capital Management Group Inc. 801&hyph;38067␣Surratt, James Michael 801&hyph;38383␣Jabbour, Richard Thomas 801&hyph;38586␣Eagle Financial Group Inc. 801&hyph;38643␣Spartana Trading Inc. 801&hyph;38713␣Core Planning Group Inc. 801&hyph;38912␣Financial Benefits Network Inc. 801&hyph;39104␣Athena Capital Management Corp 801&hyph;39239␣Boca Raton Investment Advisory Inc. 801&hyph;39362␣Shubert, John Marc 801&hyph;39400␣Concourse Capital Asset Management Inc. 801&hyph;39642␣Automated Business Services Inc. 801&hyph;39709␣Thomas, Grace Darling 801&hyph;39797␣Teti, Joseph Nicholas 801&hyph;40326␣First Palm Beach Investors Inc. 801&hyph;40390␣Moore, William Mac Midwest Region (Formerly: Chicago Regional Office) 801&hyph;06162␣Investment & Capital Management Corp 801&hyph;09141␣Whitney Management Co. 801&hyph;09198␣Rowland, R. & Co Inc. 801&hyph;11638␣Sucsy Fischer & Co. Inc. 801&hyph;12015␣LFK Inc. 801&hyph;12297␣McCarthy, Edwin Thomas 801&hyph;13978␣Kulberg Whitaker & Associates Inc. 801&hyph;14161␣Battle Creek Advisors Inc. 801&hyph;14291␣Financial Strategies Corp 801&hyph;15121␣Murphy, Thomas H. 801&hyph;15954␣London Advisors Inc. 801&hyph;16405␣Capital Market Investments Inc. 801&hyph;16498␣First Corporate Advisors Inc. 801&hyph;16805␣Williams, Edward Joseph 801&hyph;17313␣Wisniewski, Thaddeus Louis 801&hyph;17587␣PFC Advisory Corp 801&hyph;17816␣Rice, Daniel John 801&hyph;18292␣Carano, James Bernard 801&hyph;18591␣Continental American Inc. 801&hyph;18636␣Garvey & Associates Inc. 801&hyph;18768␣MacGregor Financial Securities Inc. 801&hyph;18960␣Keener, R.L. & Associates Inc. 801&hyph;19211␣Solomon, S.J. & Associates Inc. 801&hyph;19388␣Midstate Financial Services Inc. 801&hyph;19460␣Rub, Peter M. 801&hyph;19545␣Money Counsel Inc. 801&hyph;19618␣Adams, Thomas Gregory 801&hyph;19661␣Deininger & Co. Inc. 801&hyph;19879␣Financial Investment Consultants Inc. 801&hyph;19968␣Flamion, John Allen 801&hyph;20257␣CMF Financial Advisory Corp 801&hyph;20403␣Trend Planners Advisory Service Inc. 801&hyph;20483␣Stonehenge Investments, Ltd. 801&hyph;20538␣McBride Noel & Co. 801&hyph;20729␣Williamsburg Capital Inc. 801&hyph;21044␣Sanders, Robert Benn 801&hyph;21183␣First Financial Advisors Inc. 801&hyph;21507␣Whitmore, Charles Allan 801&hyph;21720␣Lewis, Herbert Lee 801&hyph;21779␣Novick, M.H. & Co. Inc. 801&hyph;21854␣White Financial Inc. 801&hyph;21893␣Accuvest Corp 801&hyph;22462␣Efroymson, Charles Franklyn Jr. 801&hyph;22473␣Financial Plan Designs Inc. 801&hyph;22584␣Reed, Milo Andrew 801&hyph;22672␣Joppe, Dennis Preston 801&hyph;22922␣Brungardt, Karl Edmund 801&hyph;23214␣Century Financial Services of Indiana Inc. 801&hyph;23267␣Fundamental Financial Advisors Inc. 801&hyph;23302␣Money Management Resources, Ltd. 801&hyph;23362␣Christian Financial Services 801&hyph;23387␣Stein Investment Co. 801&hyph;23551␣HMS Investors Inc. 801&hyph;23736␣Raeder, James Hamilton 801&hyph;23818␣Brandt, Peter Lewis 801&hyph;23950␣Tezco Financial Inc. 801&hyph;24036␣Paul, Wayne Norbert 801&hyph;24189␣Prosperity Investment Co. 801&hyph;24215␣Kiecker, Glenn Dewayne 801&hyph;24413␣Smith, Donald James 801&hyph;24466␣Triad Financial Service Inc. 801&hyph;24560␣North Shore Timing Services Inc. 801&hyph;24718␣Mahoney, John J., CPA 801&hyph;25048␣JWD Equity Management Inc. 801&hyph;25146␣Noble Roberts & Associates Inc. 801&hyph;25174␣Allen, Matthew Gwyn 801&hyph;25241␣Pearson, Roger Raye 801&hyph;25409␣Equity Preferred Corp 801&hyph;25667␣Financial Consulting Inc. 801&hyph;25719␣Phoenix Group Inc. 801&hyph;25765␣Forst, John Kelly 801&hyph;26432␣Scholberg, Samuel Ray 801&hyph;26675␣Compensation Management Inc. 801&hyph;26791␣Dragonette, Anthony John 801&hyph;26845␣Chase, Peter Advisors Inc. 801&hyph;26928␣Integrated Professional Planners Inc. 801&hyph;26963␣Pension Advisors of America Inc. 801&hyph;26971␣Wade, Ruth Estelle 801&hyph;27114␣Financial Solutions Inc. 801&hyph;27134␣Capital & Business Planning Inc.
