FR940413-2-00079 FR940413-2-00041 Awards for the Section 8 Assistance Under the Loan Management Set-Aside (LMSA) Program for Fiscal Year 1993 1FHA No. 1Project's name, city and state 1Owner's name and address 1LMSA units funded 1Budget authority Region 1: l023&hyph;44087 Spring Meadow Apts, Springfield, MA Spring Meadow LP, C/O JBG Properties, Inc., 1250 Connecticut Avenue, NW, Washington, DC 20036 116 $3,706,800 023&hyph;44133 Richards Apts, Webster, MA Richards Apts, 52 Hartley St., Webster, MA 01570 16 530,520 023&hyph;44159 Bradford Arms, Pittsfield, MA Bradford Arms Associates, C/O Berkshire Housing Services, 74 North Street, Pittsfield, MA 01201 23 416,340 023&hyph;55067 Meadowbrook Village, Fitchburg, MA Meadowbrook Village Associates, 10 Forbes Road, Braintree, MA 02184&hyph;2696 35 950,100 023&hyph;55165 Danube Apartments, Dorchester, MA Danube Associates, C/O Abrams Management Company, 621 Columbus Avenue, Boston, MA 02118 4 182,940 017&hyph;44013 Ten Marshall House, Hartford, CT Ten Marshall House Associates, 10 Marshall St., Hartford, CT 06105 21 464,940 017&hyph;44026 Branford Manor, Groton Town, CT Branford Manor Associates, 645 Madison Ave, New York, NY 10022 67 1,862,280 017&hyph;44117 Washington Hts Apts, Bridgeport, CT 1st Baptist Hsg of Brgprt, Inc., 115 Washington Ave, Bridgeport, CT 06604 16 373,500 017&hyph;44180 Sana aka Sand Apts, Hartford, CT South Arsenal Neighborhd Assoc, C/O Security Properties, Westlake C, 1601 Fifth Ave, Suite 1990, Seattle, WA 98101 15 638,100 024&hyph;44010 Rutland Manor, Dover, NH Rutland Manor Associates, Rutland Manor Associates, 542 Central Avenue, Dover, NH 03820 15 416,340 016&hyph;44050 Mount Vernon Apts., Woonsocket, RI L.W. Associates, Four Cathedral Square, Suite 1G, Providence, RI 02903 12 286,380 016&hyph;44057 Park Plaza, Johnston, RI Johnston Equities Associates, P.O. Box 6684, Providence St, RI 02940 18 457,560 016&hyph;44059 Charles Place, Johnston, RI Charles Place Associates, 460 Charles Street, Providence, RI 02904 68 1,502,640 016&hyph;44068 Cathedral Square I A, Providence, RI Cathedral Square Associates, 4 Cathedral Square, Providence, RI 02903 5 107,400 016&hyph;44086 Broadway Plaza Apart, Providence, RI Broadway Plaza, Associates, 402 Pontiac Ave, Cranston, RI 02910 14 444,360 Region 2: 014&hyph;35068 Princeton Court Apts, Amherst Town, NY Princeton Housing Associates, One Towne Centre, Amherst, NY 14228 143 3,786,300 035&hyph;44802 Acacia-Lumberton Man, Lumberton Twp., NJ Acacia-Lumberton Manor, Inc., 902 Jacksonville Road, Burlington, NJ 08016 86 1,473,240 Region 3: 052&hyph;44017 Bay Ridge Gardens, Annapolis, MD Angelo F. Munafo L.P., 108 W. Timonium Road, Suite 201, Timonium, MD 21093 52 1,190,040 052&hyph;44019 Meadowood TH I, Edgewood, MD Meadowood Associates Ltd, National Housing Partnership, 11410 Isaac Newton Sq. North, # 200, Reston, VA 22090&hyph;5012 31 730,980 052&hyph;44071 Clay Courts, Baltimore, MD Clay Courts Associates Ltd Ptr, National Housing Partnership, 11410 Isaac Newton Sq. North, # 200, Reston, VA 22090&hyph;5012 23 984,180 052&hyph;44081 Meadowood TH II, Edgewood, MD Meadowood II Associates L.P., National Housing Partnership, 11410 Isaac Newton Sq. North, # 200, Reston, VA 22090&hyph;5012 42 1,295,040 052&hyph;44137 Abbott House, Columbia, MD Columbia Cedar Ltd Partnership, 10015 Old Columbia Rd, Suite K145, Columbia, MD 21046 30 799,680 052&hyph;44145 Meadowood TH III, Edgewood, MD Meadowood III Associates, L.P., National Housing Partnership, 11410 Isaac Newton Sq. North, # 200, Reston, VA 22090&hyph;5012 136 3,828,540 052&hyph;44156 Chapel NDP, Baltimore, MD Chapel NDP Limited Partnership, National Housing Partnership, 11410 Isaac Newton Sq. North, # 200, Reston, VA 22090&hyph;5012 55 2,355,000 045&hyph;44008 Berkeley Gardens, Martinsburg, WV Berkeley Gardens Limited Ptnsp, 12250 Rockville Pike, Suite 200, Rockville, MD 20852 9 189,900 034&hyph;44027 Eastside Apartments, Nanticoke, PA Nanticoke UAW Housing Co., 16 Commerce Drive, Cranford, NJ 07016 15 349,920 034&hyph;44105 College Park Apts., Carlisle, PA College Park Apts. Ltd., National Housing Partnership, 11410 Isaac Newton Sq, North, # 200, Reston, VA 22090&hyph;5012 117 2,892,120 034&hyph;44805 Willow Terrace, Lebanon, PA Community Homes of Lebanon, 800 Willow Street, Lebanon, PA 17042 5 77,100 034&hyph;55004 Marshall Square, Philadelphia, PA Phila. Hsg. Development Corp., 1234 Market Street, 10th Floor, Phila., PA 19107 11 389,100 034&hyph;SH011 Casa Enrico Fermi, Philadelphia, PA Casa Enrico Fermi, Inc., 1300 Lombard Street, Philadelphia, PA 19147 118 2,326,200 033&hyph;35157 Belmont Heights Apts., Stonycreek TWP, PA Belmont Heights Associates, Paul T. Cain, General Partner, 1558 Hastings Mill Road, Pittsburgh, PA 15241 9 185,220 033&hyph;35199 Leo Meyer Manor, McKees Rocks, PA Leo Meyer Manor, Inc., 1015 Church Avenue, McKees Rocks, PA 15136 44 1,524,000 033&hyph;44002 Penn Circle Towers, Pittsburgh, PA Penn Circle Tower Development, 3038&hyph;C North Federal Highway, Ft. Lauderdale, FL 33306 15 429,900 033&hyph;44006 lLogan Hills Apts., Altoona, PA Logan Hills Associates, 3038&hyph;C North Federal Highway, Ft. Lauderdale, FL 33306 27 476,160 033&hyph;44007 East Mall Apts., Pittsburgh, PA East Mall Associates, 3038&hyph;C North Federal Highway, Ft. Lauderdale, FL 33306 26 684,120 033&hyph;44023 Evergreen Manor II, Altoona, PA Altoona Evergrn. Manors, Inc. II, Improved Dwellings for Altoona, Inc., P.O. Box 592, Altoona, PA 16603 7 130,380 033&hyph;44030 Evergreen Manors I, Altoona, PA Altoona Evergreen Manors, Inc., Improved Dwellings for Altoona, Inc., P.O. Box 592, Altoona, PA 16603 10 179,760 033&hyph;44036 Thomas Campbell Apts., South Strabane Twp, PA Thomas Campbell Apts., Inc., 850 Beech Street, Washington, PA 15301 10 154,980 033&hyph;44063 Sunnyslope Apts., Chester Hill, PA Philipsburg UAW Housing Company, 3555 Washington Road, Pittsburgh, PA 15317 24 575,640 033&hyph;44079 Shenango Park Apts., Sharon, PA Shenango Park Associates, 4415 Fifth Avenue, Pittsburgh, PA 15213 13 279,660 033&hyph;44082 Linden Grove, East Pittsburgh, PA Linden Grove Associates Ltd., Real Property Services Corp., 1935 Camino Vida Roble, Carlsbad, CA 92008 6 127,080 033&hyph;44142 Leechburg Gardens, Penn Hills, PA Leechburg Gardens Associates, 753 Allegheny River Blvd., Verona, PA 15147 15 443,460 033&hyph;55002 East Hills Park Apts., Pittsburgh, PA East Hills Park Apartments, 901 Elizabeth Street, Pittsburgh, PA 15221 24 650,760 033&hyph;55007 East Liberty Gardens, Pittsburgh, PA East Liberty Housing, Inc., 220 Larimar Avenue, Pittsburgh, PA 15206 55 1,451,580 051&hyph;44112 Fair Oaks, Henrico County, VA Airport Drive Associates, Virginia Management Group, GP, 168 Business Park Drive, VA Beach, VA 23501 40 999,000 051&hyph;44154 Churchland North, Portsmouth, VA APCO No 16, Ltd., Mr. Phil Hightower, 959 Quail Run Quay, VA Beach, VA 23452 80 1,830,300 000&hyph;35177 Stanton Wellington, Washington, DC Stanton Wellington Assoc., Ltd., C/O Castle Management, 2549 Evans Road, SE., Washington, DC 20020 122 4,891,800 000&hyph;44098 Gibson Plaza, Washington, DC 1st Rising Mt Zion Baptist Church, 606 N Street, NW., Washington, DC 20001 36 1,049,040 000&hyph;44147 Loudoun House, Leesburgh, VA Loudoun House Ltd Ptnrshp, C/O NCHP, 1225 Eye Street NW., Washington, DC 20005 41 1,263,960 000&hyph;44148 Immaculate Conception, Washington, DC Immaculate Conception Assoc. C/O Greentree Associates, 1201 Seven Locks Road, Ste 310, Rockville, MD 20854 57 2,072,400 000&hyph;44179 lGlenn Arms, Washington, DC Security Management Co., 437 West Diamond Avenue, Suite 103, Gaithersburg, MD 20877 45 1,848,060 000&hyph;55010 Ridgecrest Heights, Washington, DC Pollin Memorial Assoc., Ltd PT, 881 Alma Real Drive, Suite 205, Pacific Pali, CA 90272 79 2,855,340 000&hyph;55013 Parkside Terrace, Washington, DC Parkside Terrace Co., Ltd., C/O Polinger Company, 5530 Wisconsin Avenue, Chevy Chase, MD 20815 100 3,631,020 000&hyph;SH015 Takoma Towers, Takoma Park, MD Montgomery County Revenue Auth, 211 Monroe Street, Rockville, MD 20850 56 1,242,240 Region 4: l061&hyph;35281 Wiloaks Apartments, Gwinnett County, GA Gwinnett Gardens, Ltd., John Luciani & Bernard Rodin, One Executive Drive, Fort Lee, NJ 07024 16 507,840 l061&hyph;44005 Fairburn & Gordon I, Atlanta, GA Fairburn & Gordon Associates, National Housing Partnership, 11410 Isaac Newton Sq, North, # 200, Reston, VA 22090&hyph;5012 23 570,960 l061&hyph;44056 Brownlee Court, Atlanta, GA Susan C. Lachin, 40 Marietta Street, Atlanta, GA 30303 16 363,720 l061&hyph;44091 Carriage House Atlan, Atlanta, GA Max A. Thurston, Gen Partner, Carriage House of Atlanta, Ltd., P.O. Box 40177, Indianapolis, IN 46240 33 688,200 l061&hyph;44097 Tall Pines, La Grange, GA Tall Pines Associates, Mr. Lary Chkoreff, General Partner, 5505 Interstate North Pkwy., NW., Atlanta, GA 30328 15 346,800 l061&hyph;44124 Northgate Village, Columbus, GA Northgate Village Ltd., National Housing Partnership, 11410 Isaac Newton Sq, North, # 200, Reston, VA 22090&hyph;5012 13 242,820 l061&hyph;44197 Blakewood Apartments, Statesboro, GA Insignia Management Corp., One Shelter Place, Greenville, SC 29601 6 116,160 l061&hyph;44207 Clairmont Oaks, Decatur, GA Clairmont Oaks, Inc., Ms. Jane Hoover, President & CEO, 441 Clairmont Avenue, Decatur, GA 30030 18 384,120 l061&hyph;44244 Madison Apts, Savannah, GA BFTG Madison South, Inc., 101 Arch Street, Boston, MA 02110 11 247,440 l061&hyph;44245 Paradise Carrollton, Carrollton, GA Paradise Carrollton Apts, Russell Property Management Company, 504 Fair Street, SW., Atlanta, GA 30313 8 163,440 l061&hyph;44801 Philips Prsbytn Twr, Atlanta, GA Philips Presbyterian Tower, Mr. Charles F. Kreischer, Ex. Dir., 218 E. Trinity Place, Decatur, GA 30030 59 1,102,680 l061&hyph;55016 Allen Temple II, Atlanta, GA Allen Temple Development, Inc., 1625 Simpson Road, NW., Atlanta, GA 30314 10 203,400 l061&hyph;55024 Allen Temple III, Atlanta, GA Allen Temple Development Inc., 1625 Simpson Road, NW., Atlanta, GA 30314 17 319,260 l061&hyph;55030 Hollywood West, Atlanta, GA H.J. Russell, 504 Fair Street, SW., Atlanta, GA 30313 10 225,840 l061&hyph;55058 Martin Manor, Atlanta, GA Martin Manor Apartments, Ltd., Russell Property Management Company, 504 Fair Street, SW., Atlanta, GA 30313 6 150,480 l061&hyph;92004 Personality TH, Smyrna, GA 2030 Spacecoast Parkway, Inc., C/O Gateway Management Company, 3190 NE Expressway Access Rd S/400, Atlanta, GA 30341 27 669,600 l062&hyph;35329 Hickory Hills Apts., Birmingham, AL Hickory Hills, Ltd., 7701 Forsyth Blvd., suite 900, St. Louis, MO 63105&hyph;1813 25 574,500 l062&hyph;35337 Monroe Avenue, Birmingham, AL Monroe Assoc. Ltd., 5350 Poplar Avenue, Suite 400, Memphis, TN 38119 25 715,500 l062&hyph;44068 Courtview Towers, Florence, AL Courtview Towers, Ltd., 835 Lowcountry Blvd., P.O. Box 1699, Mt. Pleasant, SC 29465 25 517,500 l062&hyph;44081 Forrester Garden, Tuscaloosa, AL Forrester Gardens, Ltd., 1231 Greenway Drive, suite 1000, Irving, TX 75038 24 498,120 l054&hyph;35265 Filbin Creek, North Charleston, SC George E. Campsen, Jr., C/O Darby Development Co., Inc., 4142 Dorchester Road, Charleston, SC 29405 22 604,560 l054&hyph;35323 Steeplechase, Aiken, SC Security Pacific Inc., 2225 4th Avenue, suite 200, Seattle, WA 98121 19 566,400 l054&hyph;44029 Dillon Gardens, Dillon, SC Todd Walter, 3830 Forest Drive, suite 206, Columbia, SC 29204 8 131,700 l054&hyph;44063 Walhalla Gardens I, Walhalla, SC Walhalla Gardens, LP, P.O. Box 1089, Greenville, SC 29602 7 147,780 l054&hyph;44107 Landau Apartments, Clinton, SC Amreal Corp, P.O. Box 1089, Greenville, SC 29206 60 1,110,720 l054&hyph;44127 Laurens Glen, Laurens, SC Laurens Glen LP, P.O. Box 779, Macon, SC 31202&hyph;0779 14 238,440 l053&hyph;44158 Hilltop Apartments, Hickory, NC Hilltop Limited Partnership, National Housing Partnership, 11410 Isaac Newton Sq, North, # 200, Reston, VA 22090 24 634,920 053&hyph;44191 Valley Arms, Statesville, NC Valley Arms, Ltd., 200 West Capitol, suite 1200, Little Rock, AR 72201 29 627,180 053&hyph;44202 Holly Oak Park, Shelby, NC Harbell I, Ltd., National Housing Partnership, 11410 Isaac Newton Sq North, # 200, Reston, VA 22090&hyph;5012 7 155,220 053&hyph;44208 Ramblewood Apts, Shelby, NC New Ramblewood, Ltd., C/O Boston Financial Prop Mgmt, 101 Arch Street, Boston, MA 02110&hyph;1106 14 273,180 053&hyph;44237 Greenhaven, Charlotte, NC Greenhaven Townhouses, ALP, 5350 Poplar, suite 400, Memphis, TN 38119 8 201,840 053&hyph;44257 Newgate Gardens Aprts, High Point, NC Newgate Limited Partnership, C/O Westminster Company, G.P., P.O. Box 26560, Greensboro, NC 27415&hyph;6560 29 658,800 065&hyph;44004 Westwick Apts. I, Jackson, MS Westwick II, Ltd., 4895 Old Towne Parkway, # 102, Marietta, GA 30068 10 288,840 063&hyph;44005 Horizon House Apts, Gainesville, FL Ellen Kirkpatrick, P.O. Drawer K, Gainesville, FL 32602 28 922,320 063&hyph;44006 Sunset Apartments, Gainesville, FL Ellen Kirkpatrick, P.O. Drawer K, Gainesville, FL 32602 25 781,260 063&hyph;44018 Glen Springs Manor, Gainesville, FL Bates Realties, 12 West Franklin Street, Quincy, FL 32351 7 227,640 063&hyph;44024 Village Green, Gainesville, FL Village Green Ltd, National Housing Partnership, 11410 Isaac Newton Sq North, # 200, Reston, VA 22090&hyph;5012 10 250,440 063&hyph;44037 Forest Green, Gainesville, FL Forest Green Ltd, National Housing Partnership, 11410 Isaac Newton Sq, North, # 200, Reston, VA 22090&hyph;5012 7 194,700 063&hyph;44041 Sutton Place, Ocala, FL Hickory Ridge Assoc. Ltd, National Housing Partnership, 11410 Isaac Newton Sq, North, # 200, Reston, VA 22090&hyph;5012 6 177,540 066&hyph;35140 Boardwalk Apts, Fort Myers, FL Tarpon Bay Properties, 1177 Third Street South, suite 201B, Naples, FL 33940 30 901,200 066&hyph;44022 Town Park Plaza S., Miami, FL Town Park Plaza South, Inc., 1780 NW 5th Avenue, Apartment B, Miami, FL 33136 27 644,700 066&hyph;44040 Canterbury House Apt, Lauderdale Lakes, FL Canterbury House Apt. Ltd, 2951 28th Street, suite 2040, Santa Monica, CA 90405 8 275,160 066&hyph;44057 Royal Manor Apts, Fort Myers, FL Royal Manor Ltd, 314 Lakeside Road, Syracuse, NY 13209 18 367,740 067&hyph;44036 Jackson Heights Est, Tampa, FL Jackson Heights Associates, 1935 Camino Vida Roble, Carlsbad, CA 92008 18 440,100 067&hyph;44062 Arlington Apts, Cocoa, FL CME Church Arlington Apts, 1301 Jackson Street, Cocoa, FL 32922 40 856,800 067&hyph;44145 Episcopal Catholic, Winter Haven, FL Episcopal Catholic Apts., Inc, 500 Avenue L, NW, Winter Haven, FL 33881 54 836,400 067&hyph;55025 Tampa Park Apts&hyph;II, Tampa, FL Tampa Park Apts., Inc., 1417 Tampa Park Plaza, Tampa, FL 33605 34 590,040 067&hyph;SH042 College Arms Towers, DeLand, FL College Arms Towers, Inc, 101 N. Amelia Ave, Deland, FL 32724 56 922,560 087&hyph;44044 Townview Terrace II, Knoxville, TN Townview Terrace II Ltd., 1600 Riverview Tower, 900 South Gay Street, Knoxville, TN 37902&hyph;1810 37 848,760 083&hyph;35272 Cypress Point, Owensboro, KY PTM Development, 1101 Burlew Blvd., Bldg. 3, Owensboro, KY 42303 14 344,800 083&hyph;35419 Park Regency, Owensboro, KY Park Regency Apts., P.O. Box 2150, Owensboro, KY 42302 41 951,240 083&hyph;44097 Minnich Avenue, Paducah, KY Rental Housing Inc., P.O. Box 7744, Paducah, KY 42002&hyph;7744 9 157,920 083&hyph;44106 Hickory Hill Manor, Frankfort, KY Hickory Hill Manor Ltd., 1755 E. M. L. King Blvd., Los Angeles, CA 90058 14 277,680 083&hyph;44805 Baptist Towers, Louisville, KY Baptist Towers Inc., 1014 S. Second St., Louisville, KY 40203 35 489,780 081&hyph;44029 Ridgecrest Apts., Memphis, TN Associated Investor of Memphis, 5100 Sanderlin St. 1600, Memphis, TN 38117 22 465,060 081&hyph;55002 Watkins Manor Apts., Memphis, TN Watkins Properties, Ltd, 2951 28th Street, suite 2040, Santa Monica, CA 90405 27 413,100 Region 5: 071&hyph;35594 46th Vincennes Apts, Chicago, IL 46th Vincennes Limited Ptnrshp, 1 E. Wacker, suite 2030, Chicago, IL 60601 11 466,500 071&hyph;44026 Whispering Oaks, II, Waukegan, IL Whispering Oaks Phase II Lmt, 2951 28th Street suite 2040, Santa Monica, IL 90405 73 2,025,060 071&hyph;44101 Bradford Court Apts, Addison, IL Swifton Commons Associates, C/O Sadoff Iron & Metal, P.O. Box 1135, Fond Du Lac, WI 54935 36 1,137,660 071&hyph;55108 Noble Square Coop, Chicago, IL Noble Square Cooperative, 1165, N. Milwaukee Ave, Chicago IL 60622 60 1,461,600 071&hyph;55185 Whispering Oaks I, Waukegan, IL Whispering Oaks Phase I Lmt, Pt, 2951 28th Street, suite 2040, Santa Monica, CA 90405 83 2,409,480 046&hyph;35254 Beechwood Villa, Cincinnati, OH Beechwood Villa Partnership, 1225 Dublin Road, Dublin, OH 43215&hyph;1024 14 393,960 042&hyph;44067 Valley View Apts., Wooster, OH Valley View Associates, 300 Washington Ave., suite 102, Lorain, OH 44052 15 330,120 042&hyph;44071 Covenant House, Toledo, OH Covenant House, Inc., 702 N. Erie Street, Toledo, OH 43604 31 555,540 042&hyph;44085 College Village, Oberlin, OH College Village Associates, 300 Washington Ave, suite 102, Lorain, OH 44052 6 114,960 042&hyph;44108 Shamrock Place, Painesville, OH Shamrock Place Ltd., C/O AEC Mngt Co., 600 Beta Drive Cleveland, OH 44143 7 150,600 043&hyph;44010 Jaycee Arms Apt., Columbus, OH North Cols, Jaycee Hsg Bd, Inc., North Cols. Jaycee Hsg. Bd, Inc., 5905 Beechcroft Rd., Columbus, OH 43209 123 2,450,160 043&hyph;44035 Mapleview Terrace I, Columbus, OH Mapleview Terrace I, Mapleview Terrace I, 400 South Fifth Street, Suite 400, Columbus, OH 43215 39 738,360 043&hyph;44060 Amberly Square Columbus, OH Amberly Square Apartments, Amberly Square Apartments, 2730 Brandy Drive, Columbus, OH 43232 47 1,065,060 043&hyph;44065 Crossroads Apts., Columbus, OH Tuskegee Alumni, Hsg. Fdn, Inc., C/O Arnold White, Esq., 844 South Front Street, Columbus, OH 43206 16 424,320 043&hyph;44074 Mapleview Terrace II, Zanesville, OH Mapleview Terrace II, Mapleview Terrace II, 400 South Fifth St., suite 400, Columbus, OH 43215 34 625,500 044&hyph;35478 Turtle Creek, Pontiac, MI Paul H. Pfleger, General Partner, WeltonPerry Lmtd, 1601 5th Ave # 1900, Seattle, WA 98101 30 1,165,200 044&hyph;44350 River Towers, Detroit, MI River Towers, 32605 W. 12 Mile Rd # 350, Farmington Hills, MI 48334 100 2,710,800 073&hyph;35162 Briarwood Village, Elkhart, IN Briarwood Village Apartments, C/O Gene B. Glick Co., P.O. Box 40177, Indianapolis, IN 46240 30 780,480 073&hyph;35164 Village I, Mishawaka, IN Village I Apartments, C/O Gene B. Glick Co., P.O. Box 40177, Indianapolis, IN 46240 30 781,800 073&hyph;35220 Village II, Mishawaka, IN Village II Apartments, C/O Gene B. Glick Co., P.O. Box 40177, Indianapolis, IN 46240 30 781,800 073&hyph;44217 Foxhill Apartments, Indianapolis, IN Foxhill Manor Apartments, 2339 Foxhill Court, Indianapolis, IN 46218 10 243,300 073&hyph;44287 Covert Village Evansville, IN Covert Village Apts Partnership, P.O. Box 19409, Indianapolis, IN 46219 34 725,160 073&hyph;44301 Arrowhead Estates I, Peru, IN Roy L. Prock, 8355 Rockville Road, Indianapolis, IN 46234 14 291,960 073&hyph;44395 Capri Meadows I, Bluffton, IN Capri Meadows Associates, C/O Gene B. Glick Co., P.O. Box 40177, Indianapolis, IN 46240 18 379,020 073&hyph;55108 Brunswick Village, Gary, IN Edward Gray Corp., One Graycor Drive, Homewood, IL 60430 30 746,820 075&hyph;44053 Evergreen Square I, Milwaukee, WI Evergreen Square Phase I, 1123 N. Astor Street, Milwaukee, WI 53202 52 764,400 075&hyph;44060 Evergreen Square II, Milwaukee, WI Evergreen Square Phase II, 1123 N. Astor Street, Milwaukee, WI 53202 48 705,600 075&hyph;44061 Evergreen Square III, Milwaukee, WI Evergreen Square Phase III, 1123 N. Astor Street, Milwaukee, WI 53202 47 690,900 075&hyph;55003 Northport Apartments, Madison, WI Northport Apartment Corp., 1714 Northport Drive, # 5, Madison WI 53714 6 175,320 075&hyph;55004 Teutonia Apartments, Milwaukee, WI 6800 Teutonia Corporation, 3730 W. Greentree Road, Milwaukee, WI 53209 2 54,360 075&hyph;55005 Packer Apartments, Madison, WI Packer Apartment Corporation, 1714 Northport Drive, # 5, Madison, WI 53704 12 379,500 092&hyph;35211 Concord Square, St. Paul, MN Bluff Estates II Ltd Partnersh, 214 East Armour Boulevard, suite 102, Kansas City, MO 64111 16 511,680 092&hyph;44007 Skyline Towers, St. Paul, MN Skyline Towers Company, 5151 Edina Industrial Blvd., suite 600, Edina, MN 55439&hyph;3023 100 2,106,000 092&hyph;44036 Torre De San Miguel, St. Paul, MN Torre De San Miguel Homes Ltd, 328 West Kellogg Boulevard, St. Paul, MN 55102 18 524,820 092&hyph;44102 Vista Village, St. Paul, MN Rio Vista Non-Profit Hsg, Inc, 328 West Kellogg Boulevard, St. Paul, MN 55102 7 154,560 092&hyph;SH108 Central Towers, St. Paul, MN Central Towers, Inc., 20 East Exchange Street, St. Paul, MN 55101 63 909,180 Region 6: 112&hyph;55022 Pleasant Village, Dallas, TX Pleasant Village Apts. Ltd., 1412 Main Street, suite 2100, Dallas, TX 75202 30 720,000 112&hyph;55066 Grove Village, Dallas, TX Grove Village Apartments, Ltd., 1412 Main Street, suite 2100, Dallas, TX 75202 43 915,000 112&hyph;44116 Meadow Village Apts, Temple, TX Meadow Village, Ltd., 3038 N. Federal Hwy., Fort Lauderdale, FL 33306&hyph;1487 23 571,980 113&hyph;44010 Waldemar, Apts., Haltom City, TX Waldemar Apartments, Ltd. 2509 Minnis Drive, Fort Worth, TX 76117 25 391,800 113&hyph;44063 Cleburn Plaza, Cleburne, TX Cleburn Plaza Apartments Ltd, 2320 Highland Avenue suite 175, Birmingham, AL 35205 22 438,000 133&hyph;44033 Park Village, Big Spring, TX Big Spring Park Village Apt, Ltd, 1601 5th Ave., suite 1900, Seattle, WA 98101 19 414,120 133&hyph;55006 Villa Del Norte Apts, Lubbock, TX Valla Del Norte II Assoc., 1601 Fifth Ave., suite 1900, Seattle, WA 98101 8 189,000 114&hyph;35163 Timberidge, Lufkin, TX Timberidge Associates, Ltd., Timberidge Apartments, 2650 N. Military Trail, Ste. 350, Boca Raton, FL 33431 31 761,580 114&hyph;35201 Bray's Village, Houston, TX Bray's Village Assoc. Ltd., R&hyph;T Management Company, Inc., 247 Maple Street, Box 2017, Attleboro, MA 02703 43 976,500 114&hyph;35275 Coolwood Oaks, Houston, TX Herbert J. Zieben, 3200 Wilcrest, suite 380, Houston, TX 77042 84 2,616,000 114&hyph;44024 Parker Square, Houston, TX Southward Ltd. Partnership, National Housing Partnership, 11410 Isaac Newton Sq North, # 200, Reston, VA 22090&hyph;5012 27 683,160 114&hyph;44026 Cedarwood Huntsville, TX Cedarwood Associates, Ltd., Cedarwood Associates, Ltd., 2650 N. Military Trail, Ste. 350, Boca Raton, FL 33431 24 627,660 114&hyph;44031 Aristocrat, Houston, TX Houston Aristocrat Apt., Ltd., Houston Aristocrat Apartments, Ltd., 11410 Isaac Newton Square North, Reston, VA 22090&hyph;5012 8 219,840 114&hyph;44073 Vista Baywood, La Porte, TX Vista Baywood Housing, Ltd., Vista Baywood Housing, Ltd., 1776 Woodstead Court, Ste. 218, Houston, TX 77380 14 333,480 082&hyph;44020 Southwest Apartments Little Rock, AR Southwest Apartments, Ltd., C/O Coffman Investments Co., Inc., 200 West Capitol, suite 1200, Little Rock, AR 72201 4 67,200 082&hyph;44026 Willow Bend I, Jacksonville, AR Willow Bend, Inc., C/O RPM Management Company, P.O. Box 7300, Little Rock, AR 72217 6 138,780 082&hyph;44027 Willow Bend II, Jacksonville, AR Willow Bend, Inc., C/O RPM Management Company, P.O. Box 7300, Little Rock, AR 72217 5 99,000 082&hyph;44061 Grandview Apartments, Fayetteville, AR Grandview Apartments, Ltd., c/o NHP Property Management, 1231 Greenway Drive, suite 1000, Irving, TX 75038 8 167,640 115&hyph;44017 Southridge Apts., Austin, TX Southridge Apts., Ltd., National Housing Partnership, 11410 Isaac Newton Sq North, # 200, Reston, VA 22090&hyph;5012 34 869,220 115&hyph;44169 Walnut Manor Apts., San Antonio, TX Walnut Manor, Ltd., 1412 Main Street, # 2100, Dallas, TX 75202 27 477,900 059&hyph;44007 Timbers Apartments, West Monroe, LA Timbers Associates, L.P., P.O. Box 60484, Nashville, TN 37206 13 177,180 059&hyph;44021 Northwood II, Shreveport, LA Northwood Apartments Phase II, 2320 Highland Avenue # 175, Birmingham, AL 35205 33 727,620 118&hyph;44005 Plaza Hills East, Tulsa, OK First Plaza Hills Ltd., 8235 Douglas Avenue, Dallas, TX 75225 50 1,060,200 118&hyph;44025 Riverview Village, Tulsa, OK Riverview Village, Inc., 930 W. 23rd Place, Tulsa, OK 74107 14 280,140 118&hyph;44075 Beard Estates, Wilburton, OK Beard Estates Ltd., c/o Barbara Brown, 703 McKinney # 430, Dallas, TX 75202 30 618,600 118&hyph;44102 Brookwood Apartments, Owasso, OK First Brookwood Ltd., 8235 Douglas Avenue, Dallas, TX 75225 13 258,240 118&hyph;55012 Normandy Apartments, Tulsa, OK Normandy Apartments, Ltd., 2680 West I&hyph;40, Oklahoma City, OK 74135 47 937,980 Region 7: 084&hyph;44066 Century 37 Apts., Kansas City, MO Century 37 Apartments Ltd., Robert Rubin, General Partner, 1020 Pennsylvania, Kansas City, MO 64105 15 310,260 084&hyph;44109 Brighton Place, Kansas City, MO Brighton Place Inc., Father Michael Caruso, 2039 Bennington, Kansas City, MO 64126 6 106,920 084&hyph;55031 Valley View Apts., Kansas City, MO Orlando Investment Corporation, 3108 East 9th Street, Kansas City, MO 64124 55 1,320,480 084&hyph;55043 Homestead Apartments, Kansas City, MO Maria Devinki, 4901 Wornall, suite 10, Kansas City, MO 64112&hyph;2424 31 551,580 102&hyph;44032 Wind Ridge Apts., Wichita, KS Century Pacific IX, 1925 Century Park East, suite 1760, Los Angeles, CA 90067 77 1,431,840 085&hyph;44804 Covenant House I, St. Louis County, MO B'nai B'rith Covenant House, IN, # 10 Millstone Campus, St. Louis, MO 63141 45 730,320 085&hyph;58507 Harlan Court Apts., St. Louis, MO Hamilton Associates, Ltd., 4895 Olde Towne Parkway # 102, Marietta, GA 30068 6 109,800 Region 8: 093&hyph;44047 Havre Eagles Manor, Havre, MT Havres Eagles Manor, 20 West Third St., Havre, MT 59501 40 549,600 093&hyph;44803 Missoula Manor, Missoula, MT Missoula Manor Homes, 909 W. Central, Missoula, MT 59801 38 715,800 101&hyph;44002 Sakura Square, Denver, CO Tri-State Buddhist, 1255 19th Street, Denver, CO 80202 24 450,000 101&hyph;44024 Sunset Park_VOA, Denver, CO Century Pacific Housing Fund I, VOA/Sunset Park Ltd., 1865 Larimer St., Denver, CO 80202 52 810,420 101&hyph;44026 Golden Spike, Denver, CO Colo. Veterans & Retired RR, 3000 W. Yale Avenue, Denver, CO 80219 60 738,900 101&hyph;44101 Fairview Apts, Aurora, CO Fairview Apts LDP, 28777 Northwestern Hwy, Southfield, MI 48034 30 714,840 101&hyph;44123 17th Street Redev., Denver, CO Ralph Arceri, Arlend Realty Corp., P.O. Box 536, Redondo Beach, CA 90277 12 332,640 101&hyph;44150 Mitchell 66, Denver, CO Bertram Bruton, Mitchell 66 Associates, 2001 York Street, Denver, CO 80205 10 266,520 101&hyph;44151 East Village, Denver, CO East Village Co., 5000 S. Quebec St., suite 400, Denver, CO 80237&hyph;2707 50 1,108,560 Region 9: 125&hyph;35046 Shelter Creek, Las Vegas, NV Decatur Arms, Ltd. Partnership, 1601 Fifth Avenue, suite 1900, Seattle, WA 98101 20 634,800 125&hyph;35054 Lakeview, Reno, NV Lakeview Apartments, 481 Via Hidalgo, Greenbrae, CA 94904 127 4,268,700 125&hyph;35071 Walker House, Las Vegas, NV Walker House Ltd Partnership, 481 Via Hidalgo, Greenbrae, CA 94904 37 1,476,600 122&hyph;35590 High Valley Apts, Lancaster, CA Edward Devore, 17128 Ranchost St., Encino, CA 91316 64 3,094,800 122&hyph;35609 Kilgore Manor, Los Angeles, CA S.B. Community Homes, Inc., 2412 Griffith Ave, Los Angeles, CA 90011 51 1,305,000 122&hyph;SH083 E. Victor Villa, Los Angeles, CA E. Victor Villa Inc., 1308 E. 50th Street, Los Angeles, CA 90011 42 675,360 123&hyph;35149 Campbell Terrace, Tucson, AZ Sunbriar Apartment Associates, 113 Bon Aire Circle West, Suffern, NY 10901 39 899,700 123&hyph;SH005 Kivel Manor, Phoenix, AZ Kivel Manor, 3020 N. 36th Street, Phoenix, AZ 85018 18 383,760 136&hyph;35541 Shade Tree Apts, Sacramento, CA College Oak Investors, 4950 Hamilton Ave, suite 104, San Jose, CA 95130 150 4,473,000 136&hyph;35573 Discovery Park I, Sacramento, CA Lincoln Natomas Associates Ltd, 310 N. Westlake Blvd, suite 200, Westlake Vil, CA 91362 33 1,423,620 136&hyph;35580 Discovery Park II, Sacramento, CA Lincoln Discovery Park Assoc, 310 N. Westlake Blvd, suite 200, Westlake Vil, CA 91362 33 1,188,000 136&hyph;35630 Discovery Park III, Sacramento, CA Lincoln Property Co., 310 N. Westlake Blvd, suite 200, Westlake Vill, CA 91362 37 1,332,000 136&hyph;35631 Countrywood Village, Sacramento, CA Lincoln Countrywood Assoc Ltd, 310 N. Westlake Blvd, suite 200, Westlake Vil, CA 91362 27 1,164,780 136&hyph;35651 Discovery Park IV, Sacramento, CA Lincoln Property Co., 310 N. Westlake Blvd, suite 200, Westlake Vill, CA 91362 13 553,020 121&hyph;44014 Valley Oak Park I, Santa Rosa, CA Carpenters Housing Corp, 2600 Northcoast St., Santa Rosa, CA 95403 28 652,260 121&hyph;44027 All Hollows Apts, San Francisco, CA All Hollows Associates, National Housing Partnership, 11410 Isaac Newton Sq North, # 200, Reston, VA 22090&hyph;5012 10 390,600 121&hyph;44091 Vista Del Monte, San Francisco, CA Vista Del Monte Ltd, 8530 Wilshire Blvd, suite 400, Beverly Hills, CA 90211 39 1,591,020 121&hyph;44135 Monument Arms, Fairfield, CA Monument Arms Inc., 261 E. Alaska Ave., Fairfield, CA 94533 16 512,340 121&hyph;44142 John F. Kennedy II, Richmond, CA John F. Kennedy II, Ltd., 150 Executive Park Blvd., suite 2600, San Francisco, CA 94134 15 458,280 121&hyph;44147 Valley Oak Park II, Santa Rosa, CA Carpenters Housing Corp, 2600 Northcoast St., Santa Rosa, CA 95403 19 474,540 121&hyph;44152 Del Monte Manor, Seaside, CA Del Monte Manor, Inc., 1466 Yosemite Street, Seaside, CA 93955 19 445,320 121&hyph;44178 Rose of Sharon, Oakland, CA Interdenominational Gospel Chr, 1600 Lakeshore Blvd, Oakland, CA 94612 18 374,220 121&hyph;44246 Hilarita Apts, Tiburon, CA Hilarita Apts A Limited Ptrsp, 100 Neds Way, Tiburon, CA 94920 9 290,880 121&hyph;44304 Burbank Heights, Sebastopol, CA Sebastopol Area Housing Corp., 7777 Bodega Ave., Sebastopol, CA 95472&hyph;3570 42 687,420 121&hyph;44337 Kings Canyon, Fresno, CA Goldrich & Kest, 5150 Overland Ave., Culver City, CA 90231&hyph;3623 11 297,420 121&hyph;44383 Lakeview I, Fresno, CA Griffith Limited Partnership, National Housing Partnership, 11410 Isaac Newton Sq North, # 200, Reston, VA 22090&hyph;5012 15 385,860 121&hyph;44803 Hillcrest Gardens, Livermore, CA Interfaith Housing, Inc., 550 Hillcrest Ave., Livermore, CA 94550 12 240,960 121&hyph;44804 Rotary Plaza, South San Francisco, CA Rotary Plaza Inc, 433 Alida Way, South S.F., CA 94080 4 96,480 121&hyph;44808 Bethlehem Towers, Santa Rosa, CA Bethlehem Towers Inc., 801 Tupper St., Santa Rosa, CA 95404 70 1,182,300 121&hyph;44814 Casa De Redwood, Redwood City, CA Casa De Redwood Foundation, 1280 Veteran's Blvd, Redwood City, CA 94603 8 216,000 121&hyph;SH054 Westlake East, Oakland, CA Christian Church Homes N CA, 303 Hegenberger Rd., suite 201, Oakland, CA 94621&hyph;1419 68 1,141,020 121&hyph;SH070 Northgate Terrace, Oakland, CA Graphic Communications URC Inc, 550 24th Street, Oakland, CA 94612 59 1,049,400 Region 10: 124&hyph;44028 West Alameda, Ontario, OR WA Ltd, 8530 Wilshire Blvd, Ste 400, Beverly Hills, CA 90211 19 427,080 126&hyph;44069 Lincoln Village, Lincoln City, OR LV Ltd, 8530 Wilshire Blvd, Ste 400, Beverly Hills, CA 90211 11 260,100 171&hyph;35170 Marianna Apartments, Kenne- ␣wick, WA Marianna Enterprises, P.O. Box 5308, Everett, WA 98206 35 960,900 n,n,n,s Totals 7,210 181,493,760
