FR940805-0-00018 FR940805-0-00007 §§97.23, 97.27, 97.33, and 97.35 [Amended] By amending: §97.23 VOR, VOR/DME, VOR or TACAN, and VOR/DME or TACAN; §97.27 NDB, NDB/DME; §97.33 RNAV SIAPs; and §97.35 COPTER SIAPs, identified as follows: *␣*␣* Effective October 13, 1994 Cold Bay, AK, Cold Bay, VOR/DME or TACAN or GPS&hyph;A, Orig-A Cold Bay, AK, Cold Bay, VOR or GPS RWY 14, Amdt. 12A Cordova, AK, Merle K (Mudhole) Smith, NDB or GPS&hyph;A, Orig. Cordova, AK, Merle K (Mudhole) Smith, NDB/DME or GPS RWY 27, Orig. Fort Yukon, AK, Fort Yukon, VOR/DME or TACAN or GPS RWY 3, Amdt. 1A Fort Yukon, AK, Fort Yukon, VOR/DME or TACAN or GPS RWY 21, Amdt. 1A Nome, AK, Nome, VOR or GPS RWY 27, Orig. A Nome, AK, Nome, VOR/DME or GPS RWY 9, Orig. B Auburn, AL, Auburn-Opelika Robert G. Pitts, VOR/DME or GPS&hyph;A, Amdt. 6 Auburn, AL, Auburn-Opelika Robert G. Pitts, RNAV or GPS RWY 36, Amdt. 3 Auburn, AL, Auburn-Opelika Robert G. Pitts, VOR or GPS RWY 28, Amdt. 9 Haleyville, AL, Posey Field, VOR/DME or GPS&hyph;A Amdt. 3A Haleyville, AL, Posey Field, VOR/DME or GPS RWY 18, Amdt. 3A Mobile, AL, Mobile Regional, NDB or GPS RWY 14, Amdt. 2 Mobile, AL, Mobile Regional, VOR or TACAN or GPS&hyph;A, Orig. Conway, AR, Dennis F. Cantrell Field, NDB or GPS&hyph;A, Orig. Hope, AR, Hope Muni, VOR/DME or GPS RWY 4, Amdt. 6 Hope, AR, Hope Muni, NDB or GPS RWY 16, Amdt. 3 Huntsville, AR, Huntsville-Madison County Regional, VOR/DME or GPS RWY 12, Amdt. 1 Siloam Springs, AR, Smith Field, VOR or GPS&hyph;A, Amdt. 8 Siloam Springs, AR, Smith Field, VOR/DME RNAV or GPS RWY 18, Amdt. 1 Nogales, AZ, Nogales Intl, VOR or GPS&hyph;A, Amdt. 3 Nogales, AZ, Nogales Intl, VOR/DME or GPS&hyph;B, Amdt. 2 Nogales, AZ, Nogales Intl, NDB or GPS&hyph;C, Amdt. 2 Bishop, CA, Bishop, VOR/DME or GPS&hyph;B, Amdt. 3 Bishop, CA, Bishop, VOR or GPS&hyph;A, Amdt. 6 Brawley, CA, Brawley Muni, VOR/DME or GPS&hyph;A, Orig. Brawley, CA, Brawley Muni, VOR/DME or GPS&hyph;B, Amdt. 1 Imperial, CA, Imperial County, VOR or GPS&hyph;A, Amdt. 4 Madera, CA, Madera Muni, VOR or GPS RWY 30, Amdt. 9 Marysville, CA, Yuba County, NDB or GPS RWY 14, Amdt. 2 Marysville, CA, Yuba County, VOR or GPS RWY 32, Amdt. 9 Montague, CA, Siskiyou County, NDB or GPS&hyph;A, Amdt. 7 Monterey, CA, Monterey Peninsula, NDB or GPS RWY 10R, Amdt. 11 Porterville, CA, Porterville Muni, VOR or GPS&hyph;A, Orig. Salinas, CA, Salinas Muni, VOR or GPS RWY 13, Amdt. 11 Erie, CO, Tri-County, VOR/DME or GPS&hyph;A, Orig. Greeley, CO, Greeley-Weld County, VOR or TACAN or GPS&hyph;A, Amdt. 7A Greeley, CO, Greeley-Weld County, NDB or GPS RWY 9, Amdt. 1A Longmont, CO, Vance Brand, VOR/DME or GPS&hyph;A, Orig. Chester, CT, Chester, VOR/DME RNAV or GPS RWY 35, Amdt. 1 Chester, CT, Chester, VOR or GPS&hyph;A, Amdt. 3 Chester, CT, Chester, VOR/DME RNAV or GPS RWY 17, Amdt. 2 Wilmington, DE, New Castle County, VOR/DME RNAV or GPS RWY 9, Amdt. 4 Fort Pierce, FL, St. Lucie County Intl, NDB or GPS RWY 27, Orig. Gainesville, FL, Gainesville Regional, VOR or GPS&hyph;A, Amdt. 10 Key West, FL, Key West Intl, VOR/DME or GPS RWY 27, Amdt. 1 Keystone Heights, FL, Keystone Airpark, VOR/DME or GPS RWY 4, Amdt. 1 Kissimmee, FL, Kissimmee Muni, RNAV or GPS RWY 15, Amdt. 5 Orlando, FL, Orlando/Central Florida Regional, VOR/DME RNAV or GPS RWY 9L, Orig. St. Augustine, FL, St. Augustine, VOR or GPS RWY 13, Amdt. 5 St. Petersburg, FL, Albert Whitted, VOR or GPS RWY 18, Amdt. 6 St. Petersburg-Clearwater, FL, St. Petersburg-Clearwater Intl, VOR or GPS RWY 17L, Amdt. 11B Tallahassee, FL, Tallahassee Regional, VOR or GPS RWY 18, Amdt. 9 Adel, GA, Adel/Cook County, VOR/DME or GPS&hyph;A, Orig. Atlanta, GA, Peachtree City-Falcon Field, VOR/DME RNAV or GPS RWY 31, Orig. Augusta, GA, Bush Field, NDB or GPS RWY 35, Amdt. 27 Augusta, GA, Bush Field, NDB or GPS RWY 17, Amdt. 14 Brunswick, GA, Malcolm McKinnon, VOR or GPS RWY 4, Amdt. 14A Brunswick, GA, Malcolm McKinnon, RNAV or GPS RWY 22, Amdt. 5 Reidsville, GA, Reidsville, NDB or GPS RWY 11, Amdt. 6A Swainsboro, GA, Emanuel County, VOR/DME or GPS&hyph;A, Amdt. 2A Swainsboro, GA, Emanuel County, NDB or GPS RWY 13, Orig. A Hilo, HI, Hilo International, VOR/DME or TACAN or GPS&hyph;A, Amdt. 7 Hilo, HI, Hilo International, VOR/DME or TACAN or GPS RWY 26, Amdt. 5 Hilo, HI, Hilo International, VOR or GPS&hyph;B, Orig. Clarion, IA, Clarion Muni, NDB or GPS RWY 14, Amdt. 3 Clinton, IA, Clinton Muni, NDB or GPS RWY 14, Amdt. 3 Clinton, IA, Clinton Muni, VOR/DME or GPS RWY 21, Amdt. 8 Clinton, IA, Clinton Muni, VOR or GPS RWY 3, Amdt. 13 Decorah, IA, Decorah Muni, RNAV or GPS RWY 29, Amdt. 2 Denison, IA, Denison Muni, NDB or GPS RWY 30, Amdt. 3 Des Moines, IA, Des Moines Intl. NDB or GPS RWY 31R, Amdt. 17 Des Moines, IA, Des Moines Intl. VOR or GPS RWY 23 Orig. Iowa City, IA, Iowa City Muni, RNAV or GPS RWY 24, Amdt. 1 Iowa City, IA, Iowa City Muni, NDB or GPS RWY 30, Amdt. 1 Iowa City, IA, Iowa City Muni, NDB or GPS&hyph;A, Orig. Iowa City, IA, Iowa City Muni, VOR or GPS RWY 35, Amdt. 10 Mountain Home, ID, Mountain Home Muni, NDB or GPS RWY 28, Amdt. 1
