FR940318-0-00037 FR940318-0-00008 By amending: ยง97.23 VOR, VOR/DME, VOR or TACAN, and VOR/DME or TACAN; ยง97.27 NDB, NDB/DME; ยง97.33 RNAV SIAPs; and ยง97.35 COPTER SIAPs, identified as follows: Effective April 28, 1994 Aniak, AK, Aniak NDB/DME or GPS RWY 28, Amdt. 2 Aniak, AK, Aniak NDB or GPS&hyph;A, Orig. Decatur, AL, Pryor Field, VOR or GPS RWY 18, Amdt. 11 Decatur, AL, Pryor Field, VOR or GPS RWY 36, Amdt. 4 Eufaula, AL, Weedon Field, VOR or GPS RWY 18, Amdt. 7 Eufaula, AL, Weedon Field, VOR/DME or GPS RWY 36, Amdt. 2 Monroeville, AL, Monroe County, VOR or GPS RWY 3, Amdt. 8 Monroeville, AL, Monroe County, VOR or GPS RWY 21, Amdt. 8 Selma, AL, Craig Field, NDB or GPS RWY 32, Amdt. 2A Camden, AR, Harrell Field, VOR/DME or GPS RWY 36, Amdt. 7 Camden, AR, Harrell Field, NDB or GPS RWY 18, Amdt. 9 El Dorado, AR, South Arkansas Regional At Goodwin Field, VOR or GPS RWY 22, Amdt. 13 El Dorado, AR, South Arkansas Regional At Goodwin Field, VOR/DME or GPS RWY 4. Amdt. 9 Heber Springs, AR, Herber Springs Muni, NDB or GPS RWY 5, Orig. Helena/West Helena, AR, Thompson-Robbins Field, NDB or GPS RWY 17, Amdt. 3A Little Rock, AR, Adams Field, VOR or GPS&hyph;A, Orig. Little Rock, AR, Adams Field, VOR/DME RNAV or GPS RWY 22R, Amdt. 10 Little Rock, AR, Adams Field, NDB or GPS RWY 4L, Amdt. 18 Little Rock, AR, Adams Field, VOR/DME RNAV or GPS RWY 36, Amdt. 10 Rogers, AR, Rogers Municipal-Carter Field, NDB or GPS RWY 19, Orig. B Rogers, AR, Rogers Municipal-Carter Field, VOR or GPS RWY 1, Amdt. 12 Casa Grande, AZ, Casa Grande Muni, VOR or GPS RWY 5, Amdt. 4 Los Angeles, CA, Los Angeles Intl, VOR or TACAN or GPS RWY 25L/R, Amdt. 15 Los Angeles, CA, Los Angeles Intl, VOR or TACAN or GPS RWY 7L/R, Amdt. 18 Los Angeles, CA, Los Angeles Intl, NDB or GPS RWY 24R, Amdt. 12 Oceanside, CA, Oceanside Muni, VOR or GPS&hyph;A, Amdt. 3 Colorado Springs, CO, City of Colorado Springs Muni, NDB or GPS RWY 35L, Amdt. 25A Craig, CO, Craig-Moffat, VOR or GPS RWY 25, Amdt. 2 Craig, CO, Craig-Moffat, VOR/DME or GPS RWY 7, Amdt. 1 Denver, CO, Centennial, VOR/DME RNAV or GPS RWY 28, Orig. Denver, CO, Centennial, NDB or GPS RWY 35R, Amdt. 9 Groton (New London), CT, Groton-New London, VOR or GPS RWY 23, Amdt. 7 Groton (New London), CT, Groton-New London, VOR or GPS RWY 5, Amdt. 5 Dover/Cheswold, DE, Delaware Airpark, VOR or GPS RWY 27, Amdt. 6 Brooksville, FL, Hernando County, NDB or GPS RWY 9, Amdt. 4 Bunnel FL, Flagler County, VOR/DME or GPS&hyph;A, Orig. Deland, FL, Deland Muni-Sidney H. Taylor Field, NDB or GPS RWY 30, Orig. Deland, FL, Deland Muni-Sidney H. Taylor Field, VOR or GPS RWY 23, Amdt. 1 Marco Island, FL, Marco Island, NDB or GPS RWY 35, Amdt. 4 Marco Island, FL, Marco Island, VOR/DME or GPS RWY 17, Amdt. 4 West Palm Beach, FL, Palm Beach Intl, VOR or GPS RWY 9L, Orig. West Palm Beach, FL, Palm Beach Intl, VOR or GPS RWY 13, Amdt. 1 West Palm Beach, FL, Palm Beach Intl, VOR or GPS RWY 27R, Orig. West Palm Beach, FL, Palm Beach Intl, VOR or GPS RWY 31, Amdt. 2 Alma, GA, Bacon County, VOR or GPS RWY 33, Amdt. 6 Americus, GA, Souther Field, NDB or GPS RWY 22, Amdt. 2B Calhoun, GA, Tom B. David Field, NDB or GPS RWY 35, Amdt. 1 Camilla, GA, Camilla-Mitchell County, NDB or GPS RWY 8, Amdt. 1 Marietta, GA, Cobb County-Mc Collum Field, VOR/DME or GPS RWY 9, Orig. Moultrie, GA, Moultrie Muni, VOR or GPS RWY 22, Amdt. 11A Toccoa, GA, Toccoa RG Letourneau Field, VOR or GPS RWY 20, Amdt. 11 Toccoa, GA, Toccoa RG Letourneau Field, VOR/DME or GPS RWY 2, Orig. Vidalia, GA, Vidalia Muni, NDB or GPS RWY 24, Amdt. 2 Washington, GA, Washington-Wikes County, VOR/DME or GPS RWY 13, Amdt. 2 Kaunakakai, HI, Molokai, VOR or TACAN or GPS&hyph;A, Amdt. 15 Centerville, IA, Centerville Muni, NDB or GPS RWY 33, Amdt. 1 Centerville, IA, Centerville Muni, NDB or GPS RWY 15, Amdt. 1 Davenport, IA, Davenport Muni, VOR or GPS RWY 3, Amdt. 8 Davenport, IA, Davenport Muni, VOR or GPS RWY 21, Amdt. 7 Estherville, IA, Estherville Muni, NDB or GPS RWY 34, Orig. Estherville, IA, Estherville Muni, VOR or GPS RWY 16, Amdt. 4 Grinnell, IA, Grinnell Regional, VOR/DME or GPS RWY 31, Amdt. 1 Grinnell, IA, Grinnell Regional, NDB or GPS RWY 13, Orig. Newton, IA, Newton Muni, VOR or GPS RWY 14, Amdt. 8 Newton, IA, Newton Muni, VOR or GPS RWY 32, Amdt. 8 Spencer, IA, Spencer Muni, VOR or GPS RWY 12, Amdt. 2 Spencer, IA, Spencer Muni, VOR or GPS RWY 30, Amdt. 2 Webster City, IA, Webster City Muni, VOR/DME or GPS RWY 14, Amdt. 2 Webster City, IA, Webster City Muni, NDB or GPS RWY 32, Amdt. 6 Lewiston, ID, Lewiston-Nez Perce County, VOR or GPS RWY 26, Amdt. 12A Lewiston, ID, Lewiston-Nez Perce County, VOR or GPS RWY 26, Amdt. 5A Cairo, IL, Cairo, NDB or GPS RWY 14, Orig. Chicago, IL, Lansing Muni, VOR or GPS&hyph;A, Amdt. 5 Chicago/Romeoville, IL, Lewis University, VOR or GPS RWY 9, Amdt. 1 Chicago (West Chicago), IL, Du Page, VOR or GPS RWY 10, Amdt. 11 Chicago (West Chicago), IL, Du Page, VOR or GPS RWY IL, Orig.
